t,S,D,N,viralidad,avg_susceptibilidad,avg_actividad,D_credulos,D_escepticos,D_verificadores,D_super_propagadores,D_hubs,exposicion_media_desinfo,exposicion_max_desinfo,actividad_total_desinfo
0,338,21,41,0.9,0.25878843377834826,1.6922835573366402,14,6,1,3,3,0.016328980648349863,0.6862796428349307,34.78998632103876
1,320,39,41,0.8975,0.2601204438947298,1.6922835573366402,20,13,6,8,8,0.08697496580259688,2.098745383833068,77.55305780127706
2,299,57,44,0.8975,0.26297035110959555,1.6922835573366402,29,20,8,16,16,0.19388264450319273,3.604552965675194,124.24714647380372
3,283,75,42,0.89,0.2674755900167639,1.6922835573366402,36,24,15,22,22,0.3106178661845094,5.731353398859565,147.23780587190203
4,270,85,45,0.895,0.27259874355697883,1.6922835573366402,39,32,14,18,18,0.36809451467975507,5.626227924033376,187.2452723777709
5,256,98,46,0.8875,0.27891850005969265,1.6922835573366402,42,38,18,22,22,0.4681131809444273,7.144005571266669,200.66223511849256
6,249,104,47,0.885,0.2852899494916556,1.6922835573366402,45,40,19,15,15,0.5016555877962315,7.606684256615635,202.29752241446465
7,235,115,50,0.8825,0.2913629263615281,1.6922835573366402,46,44,25,24,24,0.5057438060361616,8.086813630385938,243.90313114136205
8,232,118,50,0.875,0.2983061844609449,1.6922835573366402,52,41,25,23,23,0.6097578278534053,8.531006138368781,234.09222184709247
9,234,115,51,0.875,0.3046049211747096,1.6922835573366402,45,44,26,18,18,0.5852305546177313,8.062377027786974,214.01800174747018
10,229,119,52,0.8725,0.31000671539627755,1.6922835573366402,53,47,19,21,21,0.5350450043686756,7.117629264265837,215.43861766252024
11,218,129,53,0.87,0.3152518151037459,1.6922835573366402,59,44,26,17,17,0.5385965441563008,8.173997583879816,228.10330362969023
12,214,132,54,0.8675,0.3205202428455698,1.6922835573366402,60,48,24,20,20,0.5702582590742258,7.416528890627935,249.62011113223173
13,211,131,58,0.865,0.325994522240001,1.6922835573366402,56,54,21,23,23,0.6240502778305796,7.909705150238391,251.71294562696318
14,196,145,59,0.855,0.33120864978109443,1.6922835573366402,59,56,30,25,25,0.6292823640674081,8.780324769398412,276.4735102185565
15,194,146,60,0.8525,0.336721045596176,1.6922835573366402,61,55,30,25,25,0.6911837755463912,9.170088423354033,279.1769512124775
16,189,150,61,0.85,0.34197787358051346,1.6922835573366402,61,53,36,23,23,0.6979423780311942,9.680145001660874,273.3473353229348
17,176,161,63,0.8475,0.3470197312263862,1.6922835573366402,70,55,36,22,22,0.683368338307337,9.517159940958223,299.18982326724165
18,169,165,66,0.8425,0.3523133322105639,1.6922835573366402,70,58,37,23,23,0.7479745581681041,10.450570731582756,309.56993556556114
19,171,162,67,0.835,0.35760758560136535,1.6922835573366402,68,58,36,24,24,0.7739248389139032,10.123277545645589,310.2106663121434
20,167,166,67,0.8325,0.3626180764243583,1.6922835573366402,68,60,38,27,27,0.7755266657803588,9.65209371109197,318.36110637315795
21,167,165,68,0.8325,0.36755661607652695,1.6922835573366402,65,61,39,25,25,0.795902765932895,9.76056315317883,316.4294048317821
22,162,169,69,0.83,0.37230631476577586,1.6922835573366402,70,60,39,25,25,0.7910735120794553,9.672398915056373,309.20075498816726
23,166,165,69,0.8275,0.3768415864941614,1.6922835573366402,71,56,38,23,23,0.7730018874704185,10.376443445697387,303.5891945498646
24,167,163,70,0.8275,0.3811136958062646,1.6922835573366402,69,57,37,20,20,0.7589729863746618,11.084119391964146,291.7875643839514
25,163,167,70,0.825,0.38514970014319827,1.6922835573366402,65,65,37,26,26,0.7294689109598786,10.176469504656248,313.57780965652455
26,164,165,71,0.825,0.3894523383277012,1.6922835573366402,67,60,38,25,25,0.7839445241413117,10.571286976881744,303.7971925777055
27,164,162,74,0.8225,0.39344472264331204,1.6922835573366402,74,52,36,27,27,0.7594929814442639,8.764225460005555,292.2946563819187
28,168,156,76,0.815,0.3972600967734934,1.6922835573366402,74,49,33,24,24,0.730736640954797,9.728132644949985,291.78944413943947
29,159,161,80,0.81,0.40084770216414856,1.6922835573366402,72,54,35,23,23,0.7294736103485989,9.979937648265414,315.71731536474863
30,155,162,83,0.8,0.40473456390629164,1.6922835573366402,69,59,34,24,24,0.789293288411872,9.992339075604178,315.04643952864825
31,152,165,83,0.7925,0.40852191181959996,1.6922835573366402,69,63,33,23,23,0.7876160988216208,9.642823049337682,315.3343449054435
32,153,160,87,0.7925,0.4122463271496777,1.6922835573366402,64,59,37,23,23,0.7883358622636087,9.827702105469708,309.26628874226606
33,147,165,88,0.7825,0.41591377900912013,1.6922835573366402,69,61,35,24,24,0.7731657218556649,10.513430150835767,322.8350598352859
34,150,162,88,0.78,0.4196712054139363,1.6922835573366402,69,62,31,23,23,0.8070876495882152,10.389094353238363,294.88917243470814
35,156,153,91,0.78,0.4230893323793202,1.6922835573366402,69,54,30,23,23,0.7372229310867704,10.481885424283771,297.21479545497783
36,147,158,95,0.7725,0.42641076348407014,1.6922835573366402,65,58,35,25,25,0.7430369886374447,11.337377424456555,318.915636738852
37,143,161,96,0.7625,0.42995228950517833,1.6922835573366402,68,56,37,26,26,0.7972890918471305,11.781212593303563,324.1807864152803
38,142,160,98,0.76,0.43352830023985445,1.6922835573366402,70,53,37,20,20,0.810451966038201,12.36358387154648,302.81834960220294
39,136,165,99,0.755,0.43691524336562393,1.6922835573366402,69,60,36,24,24,0.7570458740055075,11.320259269008071,304.7278383393226
40,141,159,100,0.7525,0.4402738103568781,1.6922835573366402,73,52,34,24,24,0.7618195958483066,12.125563999512334,299.3104189586035
41,146,153,101,0.75,0.44343815912927326,1.6922835573366402,70,50,33,23,23,0.7482760473965092,12.000223877467254,284.01569415078774
42,144,154,102,0.7475,0.44640274860787327,1.6922835573366402,64,53,37,24,24,0.7100392353769694,11.678173318696626,280.5875739462181
43,155,143,102,0.745,0.4493715050257652,1.6922835573366402,62,47,34,22,22,0.7014689348655455,10.140187865036395,276.58121129694575
44,135,161,104,0.745,0.4521203893168223,1.6922835573366402,73,50,38,24,24,0.6914530282423645,10.204741710158212,308.0385937531406
45,138,156,106,0.74,0.45523119752398844,1.6922835573366402,66,50,40,22,22,0.7700964843828518,10.307871150951348,292.8869112799577
46,142,148,110,0.735,0.45812236848992155,1.6922835573366402,64,49,35,24,24,0.7322172781998944,9.230613026505974,300.42270702000076
47,135,155,110,0.725,0.46108079128885693,1.6922835573366402,69,52,34,23,23,0.751056767550002,10.77790745785639,291.4385877465138
48,131,154,115,0.725,0.4639982015834289,1.6922835573366402,66,52,36,18,18,0.7285964693662845,9.514075480001507,286.7777227264334
49,119,165,116,0.7125,0.46689557086703487,1.6922835573366402,61,61,43,22,22,0.7169443068160837,9.895405785271734,327.2362924878666
50,114,164,122,0.71,0.4701254678834647,1.6922835573366402,66,62,36,23,23,0.818090731219667,13.432777617568751,309.4623323447627
51,120,155,125,0.695,0.47316124910044394,1.6922835573366402,67,55,33,23,23,0.7736558308619071,13.283380572864147,301.3948450649463
52,119,154,127,0.6875,0.47602276964960083,1.6922835573366402,67,51,36,22,22,0.7534871126623657,11.391761836630996,302.24375863408324
53,124,148,128,0.6825,0.47882879681872,1.6922835573366402,58,53,37,24,24,0.755609396585208,11.990099304759363,312.01619509632513
54,124,147,129,0.68,0.4816942757114109,1.6922835573366402,55,51,41,20,20,0.7800404877408128,12.687442265559259,296.53385499180195
55,130,138,132,0.6775,0.4844145628887169,1.6922835573366402,52,48,38,21,21,0.7413346374795047,11.350032708940923,287.0052679243539
56,120,147,133,0.67,0.4869471408921784,1.6922835573366402,56,52,39,22,22,0.7175131698108846,10.961870639396407,292.08788444353314
57,122,144,134,0.6675,0.4894857525988217,1.6922835573366402,57,54,33,23,23,0.7302197111088327,11.458145659836374,287.3968490715575
58,124,140,136,0.665,0.49194330620661314,1.6922835573366402,57,49,34,23,23,0.7184921226788936,12.344712874204903,283.25754236101056
59,122,141,137,0.66,0.4943629164888229,1.6922835573366402,55,51,35,21,21,0.7081438559025264,12.262839241328585,273.3413530502635
60,119,142,139,0.6575,0.49671649962950487,1.6922835573366402,56,54,32,23,23,0.6833533826256586,10.45770342742759,284.2078776921031
61,125,133,142,0.6525,0.49907851168412903,1.6922835573366402,48,49,36,20,20,0.7105196942302576,9.855211719488791,257.9499538359306
62,129,129,142,0.645,0.5013110909103345,1.6922835573366402,53,47,29,21,21,0.6448748845898268,8.607240569695785,246.72145697971627
63,118,139,143,0.645,0.5034051457653707,1.6922835573366402,54,52,33,21,21,0.6168036424492908,8.041279993073863,250.0975505402381
64,114,140,146,0.6425,0.5055967213003465,1.6922835573366402,53,52,35,21,21,0.6252438763505954,8.58414131969344,258.8424911631164
65,117,137,146,0.635,0.5078262306997015,1.6922835573366402,57,50,30,22,22,0.6471062279077913,9.41069916436288,258.8258322443858
66,114,138,148,0.635,0.5100277394024845,1.6922835573366402,58,53,27,19,19,0.6470645806109648,9.093254589388563,254.30824641839178
67,105,142,153,0.63,0.512237961577244,1.6922835573366402,56,56,30,20,20,0.6357706160459797,7.374777167654295,253.11690582018167
68,113,133,154,0.6175,0.5144235745301481,1.6922835573366402,54,49,30,17,17,0.6327922645504543,8.798310658084919,234.06004496839984
69,108,135,157,0.615,0.5164570173629152,1.6922835573366402,55,48,32,21,21,0.5851501124209999,7.938284822617795,250.14758094566332
70,106,136,158,0.6075,0.5185371389535101,1.6922835573366402,56,47,33,20,20,0.6253689523641586,8.83182622075884,254.20249185116432
71,105,134,161,0.605,0.5206485971229796,1.6922835573366402,57,46,31,20,20,0.6355062296279109,9.025983826458967,248.50316030805067
72,105,133,162,0.5975,0.5227096972988828,1.6922835573366402,57,43,33,19,19,0.6212579007701268,9.027818317991292,245.6170412387438
73,104,129,167,0.595,0.5247401144782188,1.6922835573366402,60,38,31,20,20,0.6140426030968598,9.02944964276677,240.26204173934343
74,108,125,167,0.5825,0.5267262688295412,1.6922835573366402,60,36,29,19,19,0.6006551043483587,8.8611123117055,228.93771835802937
75,107,123,170,0.5825,0.5286016831290461,1.6922835573366402,58,38,27,18,18,0.5723442958950737,8.380002817534137,211.74651366395932
76,104,120,176,0.575,0.5303064805786813,1.6922835573366402,57,37,26,17,17,0.5293662841598984,7.127282593537238,215.44258608327044
77,98,123,179,0.56,0.5320284002516515,1.6922835573366402,58,39,26,19,19,0.5386064652081763,8.192111662135567,216.73553765618882
78,104,114,182,0.5525,0.5337565769440549,1.6922835573366402,57,34,23,15,15,0.5418388441404723,7.191362487620541,195.4893932718027
79,104,110,186,0.545,0.5353191260565557,1.6922835573366402,52,33,25,16,16,0.488723483179507,6.028858109630489,191.06621971723547
80,100,112,188,0.535,0.5368618298998875,1.6922835573366402,51,34,27,15,15,0.4776655492930887,5.842127448581884,186.6358262987604
81,87,123,190,0.53,0.5384009836852587,1.6922835573366402,53,39,31,18,18,0.4665895657469011,5.981418259100544,220.7610496421617
82,93,115,192,0.525,0.5401252132940688,1.6922835573366402,48,35,32,16,16,0.5519026241054044,6.8675768755803475,215.20110311170725
83,99,108,193,0.52,0.5417699410398216,1.6922835573366402,41,36,31,18,18,0.5380027577792681,6.762177941980106,208.20295627975685
84,101,104,195,0.5175,0.5433258523079055,1.6922835573366402,42,36,26,16,16,0.5205073906993922,6.403190903951242,190.69842328508258
85,99,102,199,0.5125,0.5447981620980942,1.6922835573366402,43,32,27,17,17,0.4767460582127066,5.679762411845471,193.60851271435888
86,97,101,202,0.5025,0.546236066704656,1.6922835573366402,45,30,26,15,15,0.48402128178589726,6.353836435573506,186.12034093835442
87,88,103,209,0.495,0.5476316997952295,1.6922835573366402,47,32,24,16,16,0.46530085234588614,6.930051115776349,200.45830846717018
88,88,95,217,0.4775,0.5490895777868813,1.6922835573366402,42,30,23,15,15,0.5011457711679256,7.914468359930084,186.6057057549969
89,87,94,219,0.4575,0.5504257740777424,1.6922835573366402,41,31,22,14,14,0.4665142643874924,7.529079131475148,163.93722826591693
90,87,90,223,0.4525,0.5516967648919553,1.6922835573366402,40,30,20,15,15,0.4098430706647923,6.375397199699567,174.1501050363837
91,85,91,224,0.4425,0.5529422963815998,1.6922835573366402,40,31,20,14,14,0.4353752625909593,6.393139404285483,178.729628000812
92,87,87,226,0.44,0.5541975916080517,1.6922835573366402,36,30,21,14,14,0.44682407000203006,6.810787384339261,168.68753274741692
93,87,83,230,0.435,0.5554026817501166,1.6922835573366402,36,25,22,16,16,0.42171883186854237,6.961406600704285,177.8796336773475
94,86,82,232,0.425,0.5566276277702576,1.6922835573366402,36,25,21,15,15,0.44469908419336873,8.043026223873868,174.00730592073137
95,81,84,235,0.42,0.5578364547143033,1.6922835573366402,38,24,22,16,16,0.4350182648018284,7.746976237184553,185.490962192938
96,83,79,238,0.4125,0.5591356827217453,1.6922835573366402,34,22,23,16,16,0.46372740548234503,8.4623292501163,174.47025305005013
97,78,81,241,0.405,0.5603409353749814,1.6922835573366402,35,23,23,16,16,0.4361756326251253,7.486334684420428,173.6197987288562
98,78,80,242,0.3975,0.5615345626325559,1.6922835573366402,34,24,22,15,15,0.43404949682214067,7.595787219537824,171.4456110156445
99,73,83,244,0.395,0.5626825415281982,1.6922835573366402,38,26,19,16,16,0.42861402753911143,7.851883621271867,179.45270995753168
100,72,81,247,0.39,0.5639047606275728,1.6922835573366402,35,24,22,15,15,0.4486317748938293,7.665688456391117,165.36759285543738
101,73,78,249,0.3825,0.5650524052862138,1.6922835573366402,33,23,22,15,15,0.4134189821385937,5.950181046308443,158.73829766210125
102,73,74,253,0.3775,0.5661167772909783,1.6922835573366402,32,22,20,15,15,0.3968457441552532,5.632141567601742,151.00381618806284
103,77,66,257,0.3675,0.5671240107359972,1.6922835573366402,28,23,15,9,9,0.3775095404701571,5.569826373929426,118.48342443371322
104,73,67,260,0.3575,0.5679678582578168,1.6922835573366402,28,23,16,12,12,0.2962085610842829,4.713591168869458,134.0714913733541
105,70,64,266,0.35,0.5688911588344562,1.6922835573366402,28,21,15,11,11,0.33517872843338514,5.670132452363269,127.29384154967768
106,73,60,267,0.335,0.5697671667087297,1.6922835573366402,32,16,12,11,11,0.31823460387419406,5.029239945182383,121.41128476588302
107,77,56,267,0.3325,0.5705945814418534,1.6922835573366402,31,16,9,10,10,0.30352821191470747,5.580146543483607,113.20082864350019
108,77,55,268,0.3325,0.5713644021643723,1.6922835573366402,32,17,6,11,11,0.2830020716087504,4.725253816824169,105.67089709596131
109,72,58,270,0.33,0.5720601933429905,1.6922835573366402,32,19,7,11,11,0.26417724273990323,4.365183402175421,113.54910311983895
110,72,56,272,0.325,0.5728141582197162,1.6922835573366402,31,16,9,10,10,0.2838727577995973,4.812674227939678,108.54683071316425
111,67,55,278,0.32,0.5734980400405396,1.6922835573366402,32,15,8,8,8,0.2713670767829106,4.326166338390183,104.20207798390204
112,64,55,281,0.305,0.574186459271182,1.6922835573366402,31,17,7,8,8,0.26050519495975505,4.668298183722702,102.37184678987418
113,55,58,287,0.2975,0.574880683014747,1.6922835573366402,32,17,9,9,9,0.2559296169746854,4.755558387817324,114.78683127256033
114,56,57,287,0.2825,0.575654827825811,1.6922835573366402,32,15,10,10,10,0.28696707818140077,4.9500413179997915,117.50666076279964
115,56,55,289,0.2825,0.5764220285049411,1.6922835573366402,33,13,9,10,10,0.29376665190699897,5.069542382344227,112.61604674337
116,56,54,290,0.2775,0.5771418879196477,1.6922835573366402,32,13,9,10,10,0.281540116858425,5.087370314884835,109.99038680455952
117,59,50,291,0.275,0.5778322995182351,1.6922835573366402,31,11,8,10,10,0.27497596701139876,5.206994156267555,106.05965811305299
118,59,49,292,0.2725,0.5784816889518342,1.6922835573366402,31,10,8,9,9,0.2651491452826324,5.069542382344227,103.96764870182064
119,59,48,293,0.27,0.579149296630922,1.6922835573366402,28,10,10,7,7,0.25991912175455156,4.231150871861437,104.84865166815746
120,54,52,294,0.2675,0.5797777399143228,1.6922835573366402,32,11,9,9,9,0.2621216291703936,4.7352844392292175,106.73831611187087
121,56,50,294,0.265,0.5804158334024765,1.6922835573366402,33,10,7,10,10,0.2668457902796771,5.1386722125217155,102.18109277380529
122,49,55,296,0.265,0.5810134294189233,1.6922835573366402,34,12,9,10,10,0.25545273193451323,5.065506492331294,119.02489682148239
123,52,52,296,0.26,0.581726657246554,1.6922835573366402,33,11,8,9,9,0.29756224205370596,5.5710199552043775,109.76874412482746
124,56,47,297,0.26,0.5823984949939454,1.6922835573366402,29,10,8,9,9,0.2744218603120687,5.5710199552043775,105.84671077132138
125,57,44,299,0.2575,0.5830247890300704,1.6922835573366402,24,10,10,9,9,0.26461677692830343,5.099679774068436,108.14370190708566
126,53,45,302,0.2525,0.5836313151591435,1.6922835573366402,25,10,10,10,10,0.2703592547677141,5.4188241318565,110.39482000116494
127,49,46,305,0.245,0.5842648472392203,1.6922835573366402,27,9,10,9,9,0.27598705000291224,5.313892474254493,110.16841946999416
128,44,50,306,0.2375,0.5848946869189171,1.6922835573366402,28,9,13,9,9,0.2754210486749853,4.827680770178874,117.04461227091774
129,37,54,309,0.235,0.5855833301481219,1.6922835573366402,31,8,15,8,8,0.2926115306772943,5.186220066818312,126.50236514966262
130,39,49,312,0.2275,0.5863370935527918,1.6922835573366402,28,7,14,8,8,0.31625591287415644,5.577343994661783,112.84090633545539
131,36,51,313,0.22,0.5869814503376095,1.6922835573366402,30,8,13,8,8,0.2821022658386384,5.345482427437022,117.18832885267973
132,35,49,316,0.2175,0.5876402252517684,1.6922835573366402,27,9,13,7,7,0.2929708221316993,5.2684226910503575,106.54692196545075
133,33,49,318,0.21,0.5882372838300833,1.6922835573366402,26,10,13,6,6,0.26636730491362676,4.910006523222379,107.98810717079729
134,31,50,319,0.205,0.5888277144832798,1.6922835573366402,28,10,12,7,7,0.26997026792699313,4.856190269997727,109.57352944730184
135,29,51,320,0.2025,0.5894295239147399,1.6922835573366402,28,11,12,5,5,0.2739338236182545,4.913900539418622,110.50847339720053
136,30,49,321,0.2,0.5900640745525843,1.6922835573366402,28,10,11,5,5,0.2762711834930013,4.8600842861939695,106.81740662713774
137,32,45,323,0.1975,0.590678895604006,1.6922835573366402,26,10,9,5,5,0.2670435165678443,4.564329019350777,97.72812894590524
138,31,46,323,0.1925,0.5912482372136252,1.6922835573366402,28,11,7,5,5,0.24432032236476306,5.253574371592095,100.29105109906288
139,27,48,325,0.1925,0.5918234123188637,1.6922835573366402,29,11,8,5,5,0.2507276277476571,4.895035074952657,108.25446621377276
140,23,50,327,0.1875,0.5924406249252082,1.6922835573366402,30,11,9,5,5,0.2706361655344319,5.015530481054751,109.1584792982105
141,24,48,328,0.1825,0.5930733635995548,1.6922835573366402,28,10,10,5,5,0.27289619824552624,5.031126083331044,104.96227088163498
142,25,45,330,0.18,0.5936708317504685,1.6922835573366402,25,9,11,4,4,0.26240567720408736,5.031126083331044,100.540342193891
143,24,45,331,0.175,0.5942159437156682,1.6922835573366402,25,9,11,4,4,0.25135085548472746,5.190926088771636,101.44499149559773
144,27,42,331,0.1725,0.5947773981676652,1.6922835573366402,22,9,11,4,4,0.2536124787389944,5.558071269007115,94.51789753972014
145,25,44,331,0.1725,0.5952796281219238,1.6922835573366402,23,9,12,4,4,0.23629474384930035,4.90592349649987,97.15058549609448
146,21,46,333,0.1725,0.5957923168726268,1.6922835573366402,22,10,14,4,4,0.24287646374023608,4.696170288523449,101.13949051998539
147,21,45,334,0.1675,0.5963309948174469,1.6922835573366402,21,9,15,4,4,0.2528487262999634,5.389401850916533,95.20773294956737
148,22,44,334,0.165,0.5968423112132702,1.6922835573366402,22,8,14,4,4,0.2380193323739184,4.454063385375406,94.16125237218667
149,22,44,334,0.165,0.5973298979301701,1.6922835573366402,22,8,14,4,4,0.23540313093046655,4.454063385375406,94.16125237218667
150,24,42,334,0.165,0.5978147369669727,1.6922835573366402,22,8,12,3,3,0.23540313093046655,4.454063385375406,91.23602582099936
151,25,40,335,0.165,0.5982850504803353,1.6922835573366402,20,8,12,2,2,0.22809006455249836,4.454063385375406,79.6284432485573
152,26,39,335,0.1625,0.5987039326723702,1.6922835573366402,20,7,12,3,3,0.19907110812139325,3.615671874892616,88.1411985337079
153,28,36,336,0.1625,0.599120429975491,1.6922835573366402,19,6,11,3,3,0.22035299633426966,4.454063385375406,84.52654965976011
154,29,34,337,0.16,0.599525816180263,1.6922835573366402,20,5,9,4,4,0.21131637414940024,4.454063385375406,81.24362628806425
155,29,32,339,0.1575,0.5999117111294813,1.6922835573366402,19,5,8,3,3,0.20310906572016063,4.063239089392469,79.12726906624412
156,28,31,341,0.1525,0.6002867392692566,1.6922835573366402,18,6,7,3,3,0.1978181726656103,3.9485499225023224,74.90635174409286
157,25,31,344,0.1475,0.6006171706536602,1.6922835573366402,20,4,7,3,3,0.18726587936023217,3.8202696979401827,75.62919681100952
158,23,32,345,0.14,0.6009416563826051,1.6922835573366402,18,5,9,3,3,0.18907299202752376,3.8202696979401827,79.28295632741884
159,25,29,346,0.1375,0.6012982638391318,1.6922835573366402,18,3,8,4,4,0.1982073908185471,4.15077323842725,77.56750858120886
160,25,29,346,0.135,0.6016354107250704,1.6922835573366402,17,2,10,4,4,0.19391877145302214,3.960078687501883,80.88438015150527
161,25,28,347,0.135,0.6019882382428159,1.6922835573366402,16,3,9,4,4,0.20221095037876313,3.9272985465213806,72.26717408849683
162,23,27,350,0.1325,0.6023021177852316,1.6922835573366402,15,2,10,3,3,0.18066793522124208,4.111030435889615,64.1101302879474
163,25,23,352,0.125,0.602641981764103,1.6922835573366402,14,1,8,2,2,0.16027532571986852,3.701210531871851,60.31452851131661
164,24,24,352,0.12,0.6029320977512358,1.6922835573366402,16,1,7,2,2,0.15078632127829153,3.1956970689987676,56.95850508263902
165,21,27,352,0.12,0.6032097050269164,1.6922835573366402,16,3,8,2,2,0.14239626270659758,3.0083374217140344,60.418669155242235
166,22,26,352,0.12,0.6035098162219296,1.6922835573366402,15,3,8,2,2,0.1510466728881056,3.196631127145409,58.82808472061076
167,22,26,352,0.12,0.60379366908396,1.6922835573366402,16,3,7,2,2,0.1470702118015269,3.196631127145409,59.322267914653494
168,20,27,353,0.12,0.6040686478631316,1.6922835573366402,16,3,8,2,2,0.14830566978663376,3.196631127145409,62.51051846844133
169,19,27,354,0.1175,0.6043551447505342,1.6922835573366402,16,3,8,2,2,0.15627629617110333,3.196631127145409,62.51051846844133
170,20,24,356,0.115,0.6046401137600727,1.6922835573366402,16,2,6,2,2,0.15627629617110333,3.196631127145409,58.02553100119125
171,23,20,357,0.11,0.6048949601487535,1.6922835573366402,12,1,7,2,2,0.1450638275029781,3.118027094809719,54.820205271390535
172,20,23,357,0.1075,0.6051252518423449,1.6922835573366402,12,3,8,2,2,0.13705051317847633,3.166218209222956,62.55770513831681
173,19,24,357,0.1075,0.6054200062240851,1.6922835573366402,13,2,9,2,2,0.15639426284579205,4.349870767047077,65.96751763693717
174,21,22,357,0.1075,0.6057354774954715,1.6922835573366402,12,2,8,2,2,0.16491879409234295,4.349870767047077,59.78300226742778
175,22,21,357,0.1075,0.6059915844111213,1.6922835573366402,12,1,8,2,2,0.14945750566856944,3.8244520200947187,54.3754347447555
176,22,21,357,0.1075,0.60621765889335,1.6922835573366402,12,2,7,2,2,0.13593858686188873,3.196631127145409,57.88836112937243
177,20,22,358,0.1075,0.6064637132207524,1.6922835573366402,12,2,8,2,2,0.14472090282343109,3.6428418444671555,60.370118039761195
178,19,23,358,0.105,0.6067156991405797,1.6922835573366402,12,3,8,2,2,0.15092529509940303,3.6428418444671555,60.95920211246899
179,20,21,359,0.105,0.606985452602235,1.6922835573366402,11,2,8,2,2,0.15239800528117248,3.6428418444671555,57.71621235150502
180,19,21,360,0.1025,0.6072292543008917,1.6922835573366402,12,1,8,2,2,0.1442905308787626,3.6428418444671555,60.108273119653596
181,19,20,361,0.1,0.6074920194039504,1.6922835573366402,11,1,8,2,2,0.150270682799134,3.428976479064789,58.085598509396355
182,17,20,363,0.0975,0.6077294216011703,1.6922835573366402,10,2,8,2,2,0.14521399627349088,3.428976479064789,57.92391263899881
183,15,22,363,0.0925,0.6079662865061377,1.6922835573366402,11,2,9,2,2,0.14480978159749702,3.273802877597575,67.85405040529446
184,15,21,364,0.0925,0.6082554377111646,1.6922835573366402,10,2,9,2,2,0.16963512601323616,4.771084036035839,61.95366814797969
185,16,20,364,0.09,0.6085089957720177,1.6922835573366402,9,2,9,2,2,0.1548841703699492,4.571751671241087,63.105433422119276
186,16,19,365,0.09,0.6087487327902446,1.6922835573366402,9,1,9,1,1,0.15776358355529818,4.571751671241087,62.393283487814735
187,17,18,365,0.0875,0.6089995720619178,1.6922835573366402,10,1,7,1,1,0.15598320871953686,5.097170418193444,61.26759615494911
188,14,20,366,0.0875,0.6092365704555016,1.6922835573366402,10,2,8,1,1,0.1531689903873728,5.097170418193444,65.46266746047128
189,15,18,367,0.085,0.6095279958571134,1.6922835573366402,10,2,6,1,1,0.16365666865117823,4.812167825921677,56.84344645947201
190,14,19,367,0.0825,0.6097584077378034,1.6922835573366402,12,2,5,1,1,0.14210861614868,4.2867490789693194,56.834479860077394
191,16,17,367,0.0825,0.6100074944384162,1.6922835573366402,10,2,5,1,1,0.1420861996501935,4.2867490789693194,53.88265547635757
192,17,16,367,0.0825,0.6102232270963204,1.6922835573366402,9,2,5,1,1,0.13470663869089392,4.2867490789693194,50.259431547843285
193,17,16,367,0.0825,0.6104218699362187,1.6922835573366402,10,2,4,1,1,0.12564857886960823,4.2867490789693194,49.83623372268777
194,15,17,368,0.0825,0.6106190518094222,1.6922835573366402,10,2,5,1,1,0.12459058430671945,3.9196038987338406,53.80531905458911
195,14,18,368,0.08,0.6108352468747829,1.6922835573366402,11,2,5,1,1,0.1345132976364728,4.445022645686198,52.519175901217935
196,14,18,368,0.08,0.6110492488950683,1.6922835573366402,11,1,6,1,1,0.13129793975304485,3.473160234200291,53.23355259203759
197,16,16,368,0.08,0.6112537111789598,1.6922835573366402,12,2,2,1,1,0.13308388148009398,3.840305414435771,45.49922135619259
198,15,16,369,0.08,0.6114238674749005,1.6922835573366402,10,2,4,1,1,0.11374805339048148,2.621655105090329,40.18062631193328
199,17,14,369,0.0775,0.6115722968555766,1.6922835573366402,9,1,4,1,1,0.1004515657798332,2.621655105090329,30.884178697037783
200,15,16,369,0.0775,0.6116865611965943,1.6922835573366402,11,1,4,1,1,0.07721044674259446,1.8714643661344685,33.8360030807576
201,14,15,371,0.0775,0.6118319006901838,1.6922835573366402,11,0,4,1,1,0.08459000770189401,1.8714643661344685,33.178388534378676
202,15,14,371,0.0725,0.611971865277528,1.6922835573366402,10,0,4,1,1,0.0829459713359467,1.8714643661344685,32.17245184054366
203,16,12,372,0.0725,0.6121078191042018,1.6922835573366402,9,0,3,1,1,0.08043112960135915,1.8714643661344685,28.978850610975723
204,16,12,372,0.07,0.6122285107170792,1.6922835573366402,9,0,3,1,1,0.0724471265274393,1.8714643661344685,28.978850610975723
205,15,12,373,0.07,0.612348703190287,1.6922835573366402,8,0,4,1,1,0.0724471265274393,1.8714643661344685,31.591722289290914
206,16,11,373,0.0675,0.6124805015275051,1.6922835573366402,7,0,4,1,1,0.07897930572322727,1.8714643661344685,30.14964254787978
207,15,11,374,0.0675,0.6125980923153124,1.6922835573366402,7,1,3,1,1,0.07537410636969945,1.8714643661344685,26.331245773163374
208,16,9,375,0.065,0.6126839136534942,1.6922835573366402,5,1,3,1,1,0.06582811443290844,1.9602663244296004,24.653015431228855
209,16,9,375,0.0625,0.6127633910606326,1.6922835573366402,5,1,3,1,1,0.06163253857807214,1.8714643661344685,27.014549875195897
210,16,9,375,0.0625,0.6128642501924365,1.6922835573366402,5,1,3,1,1,0.06753637468798974,1.8714643661344685,27.014549875195897
211,14,11,375,0.0625,0.6129644872376189,1.6922835573366402,7,1,3,1,1,0.06753637468798974,1.8714643661344685,36.14012475996977
212,14,10,376,0.0625,0.6130899443457442,1.6922835573366402,6,1,3,1,1,0.09035031189992444,2.913338122597189,27.833850291972368
213,14,10,376,0.06,0.6131928690615918,1.6922835573366402,7,0,3,1,1,0.06958462572993092,1.9602663244296004,35.48251021359085
214,13,11,376,0.06,0.6133120873601978,1.6922835573366402,8,1,2,1,1,0.08870627553397714,2.8889251156808333,35.24895228421248
215,11,13,376,0.06,0.6134421725682093,1.6922835573366402,8,1,4,1,1,0.08812238071053123,2.913338122597189,39.53101550988635
216,10,14,376,0.06,0.6135862474655802,1.6922835573366402,9,1,4,1,1,0.09882753877471591,3.1596135188322094,41.5536901201436
217,12,12,376,0.06,0.6137527377822063,1.6922835573366402,8,1,3,1,1,0.10388422530035904,3.1596135188322094,33.76862543237718
218,14,10,376,0.06,0.6138759902058052,1.6922835573366402,6,1,3,1,1,0.08442156358094294,2.6341947718798524,30.82848754418437
219,14,10,376,0.06,0.6139779572630318,1.6922835573366402,6,1,3,1,1,0.07707121886046092,2.6341947718798524,30.82848754418437
220,14,10,376,0.06,0.6140793589069609,1.6922835573366402,6,1,3,1,1,0.07707121886046092,2.6341947718798524,30.82848754418437
221,14,9,377,0.06,0.6141802007967477,1.6922835573366402,7,0,2,1,1,0.07707121886046092,2.6341947718798524,30.295602099508727
222,12,11,377,0.0575,0.614264181680205,1.6922835573366402,9,0,2,1,1,0.07573900524877182,2.776828706557543,37.89381828945868
223,10,13,377,0.0575,0.6143768419752362,1.6922835573366402,11,0,2,1,1,0.09473454572364672,3.7486911180434497,40.697137979958164
224,10,13,377,0.0575,0.6145198205494451,1.6922835573366402,11,0,2,1,1,0.10174284494989541,3.7486911180434497,40.697137979958164
225,10,13,377,0.0575,0.6146619621622238,1.6922835573366402,11,0,2,1,1,0.10174284494989541,3.7486911180434497,40.697137979958164
226,10,13,377,0.0575,0.6148032748462308,1.6922835573366402,11,0,2,1,1,0.10174284494989541,3.7486911180434497,33.50108221724711
227,10,12,378,0.0575,0.6149353934608213,1.6922835573366402,10,0,2,1,1,0.0837527055431178,2.3898555378699493,32.059002475835975
228,8,14,378,0.055,0.6150535556380045,1.6922835573366402,10,1,3,1,1,0.08014750618958995,2.3898555378699493,34.42116685993265
229,9,13,378,0.055,0.6151788461639047,1.6922835573366402,10,1,2,1,1,0.08605291714983164,2.6977631694712754,32.62086054464754
230,9,13,378,0.055,0.6152948297425683,1.6922835573366402,10,1,2,1,1,0.08155215136161888,2.4270747663198984,32.07126677723689
231,9,12,379,0.055,0.6154175192799286,1.6922835573366402,8,1,3,1,1,0.08017816694309224,2.4270747663198984,26.78556221910973
232,9,12,379,0.0525,0.6155306435695609,1.6922835573366402,9,1,2,1,1,0.06696390554777433,2.2256671824609935,23.93976484102745
233,9,12,379,0.0525,0.6156189523724765,1.6922835573366402,9,1,2,1,1,0.059849412102568625,1.7346096780439155,23.93976484102745
234,9,10,381,0.0525,0.6157069870913545,1.6922835573366402,8,0,2,1,1,0.059849412102568625,1.7346096780439155,22.462849877872053
235,10,9,381,0.0475,0.6157863208400839,1.6922835573366402,7,0,2,1,1,0.05615712469468013,1.606883525830515,21.603919952714005
236,9,10,381,0.0475,0.615863327509076,1.6922835573366402,8,0,2,1,1,0.054009799881785,1.606883525830515,25.22714388122829
237,9,10,381,0.0475,0.6159526744948118,1.6922835573366402,8,0,2,1,1,0.06306785970307073,1.606883525830515,31.703499166319265
238,9,10,381,0.0475,0.6160494858378064,1.6922835573366402,8,0,2,1,1,0.07925874791579818,2.7181118821744317,31.703499166319265
239,9,10,381,0.0475,0.6161457486597051,1.6922835573366402,8,0,2,1,1,0.07925874791579818,2.7181118821744317,31.703499166319265
240,9,10,381,0.0475,0.6162414687294322,1.6922835573366402,8,0,2,1,1,0.07925874791579818,2.7181118821744317,31.703499166319265
241,8,11,381,0.0475,0.6163366517287803,1.6922835573366402,8,0,3,1,1,0.07925874791579818,2.7181118821744317,34.181428223847554
242,10,9,381,0.0475,0.6164389026481032,1.6922835573366402,7,0,2,1,1,0.0854535705596189,2.7181118821744317,24.639283151950494
243,9,10,381,0.0475,0.6165144137784074,1.6922835573366402,7,0,3,1,1,0.061598207879876236,1.606883525830515,26.343832989668236
244,9,9,382,0.0475,0.6165924952834303,1.6922835573366402,6,0,3,1,1,0.06585958247417058,1.606883525830515,22.720609061153944
245,9,9,382,0.045,0.6166582268374958,1.6922835573366402,6,0,3,1,1,0.05680152265288486,1.606883525830515,22.720609061153944
246,10,8,382,0.045,0.616723739957988,1.6922835573366402,5,0,3,1,1,0.05680152265288486,1.606883525830515,20.72893555233216
247,7,11,382,0.045,0.6167832633196442,1.6922835573366402,8,0,3,1,1,0.051822338880830404,1.606883525830515,30.214236238181055
248,6,11,383,0.045,0.6168755824280033,1.6922835573366402,8,0,3,1,1,0.07553559059545265,1.8405569025402957,30.214236238181055
249,5,12,383,0.0425,0.6169674123369709,1.6922835573366402,9,0,3,1,1,0.07553559059545265,1.8405569025402957,38.520510706178456
